1,1,1,500,2026-05-05,pending,2026-04-19,2026-05-05
2,2,2,300,2026-05-02,in-progress,2026-04-18,2026-05-02
3,3,1,250,2026-05-01,completed,2026-04-10,2026-04-28
4,4,4,400,2026-05-16,pending,2026-04-20,2026-05-16
5,5,2,350,2026-05-08,pending,2026-04-21,2026-05-08
6,6,4,200,2026-05-09,pending,2026-04-21,2026-05-09
7,7,1,150,2026-05-15,pending,2026-04-20,2026-05-15
8,8,4,600,2026-04-30,in-progress,2026-04-15,2026-04-30
9,9,5,80,2026-05-28,pending,2026-04-21,2026-05-28
10,10,2,180,2026-05-20,pending,2026-04-21,2026-05-20
11,10,1,100,2026-05-22,pending,2026-04-21,2026-05-22
12,15,4,120,2026-05-18,pending,2026-04-21,2026-05-18
